year,gdpPercap,pop,lifeExp
1952,1077.281856,33119096,36.324
1957,1100.592563,37173340,37.802
1962,1150.927478,41871351,39.36
1967,1014.514104,47287752,41.04
1972,1698.388838,53740085,42.821
1977,1981.951806,62209173,44.514
1982,1576.97375,73039376,45.826
1987,1385.029563,81551520,46.886
1992,1619.848217,93364244,47.472
1997,1624.941275,106207839,47.464
2002,1615.286395,119901274,46.608
2007,2013.977305,135031164,46.859
